{
    "type": "minecraft:entity",
    "pools": [
        {
            "bonus_rolls": 0.0,
            "entries": [
                {
                    "type": "minecraft:item",
                    "functions": [
                        {
                            "add": false,
                            "count": {
                                "type": "minecraft:uniform",
                                "max": 2.0,
                                "min": 0.0
                            },
                            "function": "minecraft:set_count"
                        },
                        {
                            "count": {
                                "type": "minecraft:uniform",
                                "max": 1.0,
                                "min": 0.0
                            },
                            "enchantment": "minecraft:looting",
                            "function": "minecraft:enchanted_count_increase"
                        }
                    ],
                    "name": "minecraft:nether_wart"
                }
            ],
            "rolls": 1.0
        },
        {
            "bonus_rolls": 0.0,
            "entries": [
                {
                    "type": "minecraft:item",
                    "functions": [
                        {
                            "add": false,
                            "count": {
                                "type": "minecraft:uniform",
                                "max": 2.0,
                                "min": 0.0
                            },
                            "function": "minecraft:set_count"
                        },
                        {
                            "count": {
                                "type": "minecraft:uniform",
                                "max": 1.0,
                                "min": 0.0
                            },
                            "enchantment": "minecraft:looting",
                            "function": "minecraft:enchanted_count_increase"
                        }
                    ],
                    "name": "minecraft:bone"
                }
            ],
            "rolls": 1.0
        },
        {
            "rolls": 1,
            "entries": [
                {
                    "type": "item",
                    "name": "repeating_command_block",
                    "functions": [
                        {   
                            "function": "set_components",
                            "components": {
                                "custom_data":{"crimson_heart":true},
                                "item_model": "crimson_heart",
                                "item_name": "\"Багряное сердце\"",
                                "rarity": "uncommon",
                                "lore": [
                                    "{\"text\":\"• Ингредиент магического жезла\",\"italic\":false,\"color\":\"light_purple\"}",
                                    "{\"text\":\"Возьмите в две руки этот предмет и заколдованную палочку\",\"italic\":false,\"color\":\"#9effe7\"}",
                                    "{\"text\":\"и нажмите ПКМ, чтобы создать магический жезл\",\"italic\":false,\"color\":\"#9effe7\"}"
                                ]
                            }
                        }
                    ],
                    "conditions": [
                        {
                            "condition": "random_chance_with_enchanted_bonus",
                            "enchanted_chance": {
                                "type": "linear",
                                "base": 0.1,
                                "per_level_above_first": 0.05
                            },
                            "enchantment": "looting",
                            "unenchanted_chance": 0.05
                        }
                    ]
                }
            ]
        }
    ],
    "random_sequence": "minecraft:entities/skeleton"
}