{
    "condition": "minecraft:any_of",
    "terms": [
        {
            "condition": "minecraft:entity_properties",
            "entity": "this",
            "predicate": {
                "equipment": {
                    "feet": {
                        "predicates": {
                            "minecraft:custom_data": {
                                "technomk2":1
                            }
                        }
                    }
                }
            }
        },
        {
            "condition": "minecraft:entity_properties",
            "entity": "this",
            "predicate": {
                "equipment": {
                    "feet": {
                        "predicates": {
                            "minecraft:custom_data": {
                                "reactive":1
                            }
                        }
                    }
                }
            }
        }
    ]
}