[
    {
        "condition": "minecraft:entity_scores",
        "entity": "this",
        "scores": {
            "id": {
                "min": {
                    "type": "minecraft:score",
                    "target": {
                        "type": "minecraft:fixed",
                        "name": "*temp"
                    },
                    "score": "id"
                },
                "max": {
                    "type": "minecraft:score",
                    "target": {
                        "type": "minecraft:fixed",
                        "name": "*temp"
                    },
                    "score": "id"
                }
            }
        }
    },
    {
        "condition": "minecraft:entity_scores",
        "entity": "this",
        "scores": {
            "id": {
                "min": {
                    "type": "minecraft:score",
                    "target": "this",
                    "score": "id"
                },
                "max": {
                    "type": "minecraft:score",
                    "target": "this",
                    "score": "id"
                }
            }
        }
    }
]