{
    "function": "minecraft:set_components",
    "components": {
      "minecraft:rarity":"epic",
      "minecraft:attribute_modifiers":[{"id": "base_damage_awoken_trident","amount": 11,"operation": "add_value","type": "attack_damage","slot":"mainhand"},{"id": "base_attack_awoken_trident","amount": -2.9,"operation": "add_value","type": "attack_speed","slot":"mainhand"}],  
      "minecraft:item_name": "\"Пробужденный трезубец\"",
      "minecraft:enchantment_glint_override": false,
      "minecraft:item_model":"awoken_trident",
      "minecraft:custom_data": {
        "awoken_trident": true
      },
      "minecraft:lore": [
        "{\"text\":\"§eТягун §rдает Грацию дельфина и Силу источника III на 10 секунд\",\"italic\":false,\"color\":\"#9effe7\"}",
        "{\"text\":\"§eПронзатель §rусиливает удары не только по водным сущностям\",\"italic\":false,\"color\":\"#9effe7\"}",
        "{\"text\":\"§eГромовержец §rработает в любую погоду\",\"italic\":false,\"color\":\"#9effe7\"}"
      ]
    }
  }