{
    "function": "minecraft:set_components",
    "components": {
      "minecraft:item_name": "\"Пробужденное сердце моря\"",
      "minecraft:enchantment_glint_override": true,
      "minecraft:custom_data": {
        "awoken_heart": true
      },
      "minecraft:consumable": {
        "consume_seconds": 1000000000000
      },
      "minecraft:lore": [
        "{\"text\":\"Наконец, оно проснулось.\",\"italic\":false,\"color\":\"#9effe7\"}",
        "{\"text\":\"Используйте, держа трезубец в\",\"italic\":false,\"color\":\"#9effe7\"}",
        "{\"text\":\"левой руке, чтобы его улучшить.\",\"italic\":false,\"color\":\"#9effe7\"}"
      ]
    }
  }