{
    "type": "minecraft:crafting_shaped",
    "category": "redstone",
    "pattern": [
        "242",
        "313",
        "252"
    ],
    "key": {
        "1": "minecraft:netherite_ingot",
        "2": "minecraft:iron_block",
        "3": "minecraft:redstone_block",
        "4": "minecraft:ender_eye",
        "5": "minecraft:diamond_pickaxe"
    },
    "result": {
        "id": "minecraft:panda_spawn_egg",
        "components": {
            "minecraft:item_name": "\"Трансбур\"",
            "minecraft:lore": [
                "{\"text\":\"Добывает минералы из глубин мира\",\"italic\":false,\"color\":\"#9effe7\"}"
            ],
            "minecraft:item_model": "minecraft:observer",
            "minecraft:enchantment_glint_override": true,
            "entity_data": {
                "id": "marker",
                "Tags": [
                    "5_tick_raycast",
                    "autoquarry"
                ]
            }
        },
        "count": 1
    }
}