{
    "type": "minecraft:crafting_shaped",
    "category": "redstone",
    "pattern": [
        "121",
        "232",
        "121"
    ],
    "key": {
        "1": "minecraft:magenta_glazed_terracotta",
        "2": "minecraft:dried_kelp",
        "3": "minecraft:ender_pearl"
    },
    "result": {
        "id": "minecraft:panda_spawn_egg",
        "components": {
            "minecraft:item_name": "\"Жемчужный конвейер\"",
            "minecraft:lore": [
                "{\"text\":\"Телепортирует сущности над собой!\",\"italic\":false,\"color\":\"#9effe7\"}"
            ],
            "minecraft:item_model": "minecraft:conveyor_ender",
            "entity_data": {
                "id": "marker",
                "Tags": [
                    "5_tick_raycast",
                    "conveyer",
                    "conveyer_2"
                ]
            }
        },
        "count": 4
    }
}