{
    "type": "minecraft:crafting_shaped",
    "category": "equipment",
    "pattern": [
        "111",
        "121"
    ],
    "key": {
        "1": "minecraft:netherite_ingot",
        "2": "minecraft:dragon_head"
    },
    "result": {
        "id": "minecraft:netherite_helmet",
        "components": {
            "minecraft:item_name": "\"Адский шлем\"",
            "minecraft:lore": [
                "[{\"text\":\"Пожиратель драконов.\",\"italic\":false,\"color\":\"aqua\"}]"
            ],
            "minecraft:enchantment_glint_override": true,
            "minecraft:attribute_modifiers": {
                "modifiers": [
                    {
                        "type": "minecraft:armor",
                        "id": "gd9ijghdfghgfdhhh9jg9djg9",
                        "amount": 5,
                        "operation": "add_value",
                        "slot": "head"
                    },
                    {
                        "type": "minecraft:armor_toughness",
                        "id": "gsdfhhfgghjhhhhjhdftg",
                        "amount": 6,
                        "operation": "add_value",
                        "slot": "head"
                    },
                    {
                        "type": "minecraft:burning_time",
                        "id": "gdhtgdtjnrtjtghkmghjghhhhkhkjhjy",
                        "amount": -0.25,
                        "operation": "add_multiplied_base",
                        "slot": "head"
                    },
                    {
                        "type": "minecraft:knockback_resistance",
                        "id": "jfhfhh5t6j65rhtlhjlkjlkjgergtr",
                        "amount": 0.25,
                        "operation": "add_value",
                        "slot": "head"
                    }
                ],
                "show_in_tooltip": true
            },
            "minecraft:max_damage": 1337,
            "minecraft:trim": {
                "material": "minecraft:gold",
                "pattern": "minecraft:sentry",
                "show_in_tooltip": false
            },
            "custom_data": {
                "hell_helmet": true
            }
        },
        "count": 1
    }
}