{
    "type": "minecraft:crafting_shaped",
    "category": "equipment",
    "pattern": [
        "111",
        "121",
        "121"
    ],
    "key": {
        "1": "minecraft:netherite_ingot",
        "2": "minecraft:dragon_egg"
    },
    "result": {
        "id": "minecraft:netherite_leggings",
        "components": {
            "minecraft:item_name": "\"Адские поножи\"",
            "minecraft:lore": [
                "[{\"text\":\"Огромные мои яйца.\",\"italic\":false,\"color\":\"#9effe7\"}]",
                "[{\"text\":\"С мобов редко будут падать их яйца.\",\"italic\":false,\"color\":\"#9effe7\"}]",
                "[{\"text\":\"(Встроенный Вор Душ)\",\"italic\":false,\"color\":\"#9effe7\"}]"
            ],
            "minecraft:enchantment_glint_override": true,
            "minecraft:attribute_modifiers": {
                "modifiers": [
                    {
                        "type": "minecraft:armor",
                        "id": "gdghkjkhjk9475754ijgd9jg9djg9",
                        "amount": 9,
                        "operation": "add_value",
                        "slot": "legs"
                    },
                    {
                        "type": "minecraft:armor_toughness",
                        "id": "gsdfhhfhgkg7546856jhgdftg",
                        "amount": 6,
                        "operation": "add_value",
                        "slot": "legs"
                    },
                    {
                        "type": "minecraft:burning_time",
                        "id": "gdhtgdtjnrtjthhkhjkh867867jjy",
                        "amount": -0.25,
                        "operation": "add_multiplied_base",
                        "slot": "legs"
                    },
                    {
                        "type": "minecraft:knockback_resistance",
                        "id": "j5t6567865878765rhtgerghkjhjkgtr",
                        "amount": 0.25,
                        "operation": "add_value",
                        "slot": "legs"
                    }
                ],
                "show_in_tooltip": true
            },
            "minecraft:max_damage": 1337,
            "minecraft:trim": {
                "material": "minecraft:gold",
                "pattern": "minecraft:sentry",
                "show_in_tooltip": false
            },
            "custom_data": {
                "hell_leggings": true
            }
        },
        "count": 1
    }
}