{
    "type": "minecraft:crafting_shaped",
    "category": "equipment",
    "pattern": [
        "1",
        "2",
        "3"
    ],
    "key": {
        "1": "minecraft:anvil",
        "2": "minecraft:enchanted_golden_apple",
        "3": "minecraft:stick"
    },
    "result": {
        "id": "minecraft:repeating_command_block",
        "components": {
            "consumable": {
                "consume_seconds": 100000000000,
                "animation": "none",
                "has_consume_particles": false
            },
            "item_model": "anvil",
            "max_damage": 5,
            "damage": 0,
            "max_stack_size": 1,
            "minecraft:item_name": "\"Зачарованный перековщик\"",
            "minecraft:lore": [
                "[{\"text\":\"ПКМ по лежащему на земле предмету:\",\"italic\":false,\"color\":\"aqua\"}]",
                "[{\"text\":\"Обнуляет стоймость починки и стоймость\",\"italic\":false,\"color\":\"aqua\"}]",
                "[{\"text\":\"зачарования этого предмета на наковальне\",\"italic\":false,\"color\":\"aqua\"}]",
                "[{\"text\":\"(Избавьтесь от 'Слишком Дорого!')\",\"italic\":false,\"color\":\"aqua\"}]"
            ],
            "enchantment_glint_override": true,
            "custom_data": {
                "item_tinker": true
            }
        },
        "count": 1
    }
}