{
    "type": "minecraft:crafting_shapeless",
    "category": "equipment",
    "ingredients": [
        "minecraft:diamond_pickaxe",
        "minecraft:golden_pickaxe",
        "minecraft:golden_pickaxe",
        "minecraft:golden_pickaxe",
        "minecraft:golden_pickaxe",
        "minecraft:glowstone_dust",
        "minecraft:glowstone_dust",
        "minecraft:glowstone_dust",
        "minecraft:glowstone_dust"
    ],
    "result": {
        "id": "minecraft:diamond_pickaxe",
        "components": {
            "minecraft:attribute_modifiers": {
                "modifiers": [
                    {
                        "type": "minecraft:attack_damage",
                        "id": "pickdamage",
                        "amount": 8,
                        "operation": "add_value",
                        "slot": "mainhand"
                    },
                    {
                        "type": "minecraft:attack_speed",
                        "id": "foasifsdfsgd",
                        "amount": -3,
                        "operation": "add_value",
                        "slot": "mainhand"
                    }
                ],
                "show_in_tooltip": true
            },
            "minecraft:custom_data": {
                "megapick": true
            },
            "minecraft:item_name": "\"Циркулярная алмазная кирка\"",
            "minecraft:item_model":"minecraft:chainsaw_pickaxe",
            "consumable": {"consume_seconds": 100000000000000},
            "minecraft:lore": [
              "{\"text\":\"ПКМ активирует Бур\",\"italic\":false,\"color\":\"#9effe7\"}",
              "{\"text\":\"Перезарядка 10 секунд\",\"italic\":false,\"color\":\"#9effe7\"}"
            ]
        },
        "count": 1
    }
}