{
    "type": "minecraft:crafting_shaped",
    "category": "misc",
    "pattern": [
        " 1 ",
        "121",
        " 1 "
    ],
    "key": {
        "1": "minecraft:glowstone_dust",
        "2": "minecraft:spruce_sapling"
    },
    "result": {
        "id": "minecraft:repeating_command_block",
        "components": {
            "minecraft:consumable": {
                "consume_seconds": 0.5,
                "animation": "bow",
                "has_consume_particles": false,
                "on_consume_effects": [],
                "sound": "block.cherry_leaves.step"
            },
            "minecraft:item_name": "\"Реактивный щищ\"",
            "minecraft:lore": [
                "[{\"text\":\"ПКМ: запускает игрока вверх\",\"italic\":false,\"color\":\"aqua\"}]"
            ],
            "minecraft:item_model": "minecraft:spruce_sapling",
            "minecraft:enchantment_glint_override": true,
            "custom_data": {
                "reactive_shish": true
            }
        },
        "count": 1
    }
}