{
    "type": "minecraft:crafting_shaped",
    "category": "redstone",
    "pattern": [
        "111",
        "121",
        "111"
    ],
    "key": {
        "1": "minecraft:iron_bars",
        "2": "minecraft:experience_bottle"
    },
    "result": {
        "id": "minecraft:spawner",
        "components": {
            "minecraft:block_entity_data": {
              "id": "minecraft:mob_spawner",
              "SpawnPotentials": [],
              "SpawnCount": 4,
              "SpawnRange": 4,
              "Delay": 0,
              "MinSpawnDelay": 200,
              "MaxSpawnDelay": 800,
              "MaxNearbyEntities": 5,
              "RequiredPlayerRange": 16
            }
        },
        "count": 1
    }
}