{
    "type": "minecraft:crafting_shaped",
    "category": "equipment",
    "pattern": [
        "1",
        "1",
        "2"
    ],
    "key": {
        "1": "minecraft:tinted_glass",
        "2": "minecraft:amethyst_shard"
    },
    "result": {
        "id": "minecraft:wooden_sword",
        "components": {
            "minecraft:attribute_modifiers": {
                "modifiers": [
                    {
                        "type": "minecraft:attack_damage",
                        "id": "minecraft:base_attack_damage",
                        "amount": 18,
                        "operation": "add_value",
                        "slot": "mainhand"
                    },
                    {
                        "type": "minecraft:attack_speed",
                        "id": "minecraft:base_attack_speed",
                        "amount": -2.0,
                        "operation": "add_value",
                        "slot": "mainhand"
                    }
                ],
                "show_in_tooltip": true
            },
            "minecraft:item_name": "\"Меч из аметистового стекла\"",
            "minecraft:lore": [
                "{\"text\":\"Почти такой-же лёгкий и острый, как стеклянный!\",\"italic\":false,\"color\":\"#9effe7\"}",
                "{\"text\":\"Вовсе не годится для боёв из-за свой хрупкости.\",\"italic\":false,\"color\":\"#9effe7\"}",
                "{\"text\":\"Прекрасно зачаровывается!\",\"italic\":false,\"color\":\"#9effe7\"}"
            ],
            "minecraft:item_model":"minecraft:tinted_glass_sword",
            "minecraft:tool": {
                "rules": [
                    {
                        "blocks": "#sword_efficient",
                        "speed": 1000,
                        "correct_for_drops": true
                    }
                ],
                "default_mining_speed": 1,
                "damage_per_block": 1
            },
            "max_damage": 2,
            "damage": 0,
            "max_stack_size": 1,
            "enchantable": {
                "value": 100
            }
        },
        "count": 1
    }
}