{
    "type": "minecraft:crafting_shaped",
    "category": "equipment",
    "pattern": [
        "111",
        " 2 ",
        " 2 "
    ],
    "key": {
        "1": "minecraft:netherite_ingot",
        "2": "minecraft:blaze_rod"
    },
    "result": {
        "id": "minecraft:netherite_pickaxe",
        "components": {
            "minecraft:attribute_modifiers": {
                "modifiers": [
                    {
                        "type": "minecraft:attack_damage",
                        "id": "minecraft:base_attack_damage",
                        "amount": 10,
                        "operation": "add_value",
                        "slot": "mainhand"
                    },
                    {
                        "type": "minecraft:attack_speed",
                        "id": "minecraft:base_attack_speed",
                        "amount": -3,
                        "operation": "add_value",
                        "slot": "mainhand"
                    }
                ],
                "show_in_tooltip": true
            },
            "minecraft:item_name": "\"Адская кирка\"",
            "minecraft:lore": [
                "{\"text\":\"Встроенная автоплавка\",\"italic\":false,\"color\":\"#9effe7\"}"
            ],
            "minecraft:item_model":"minecraft:hell_pickaxe",
            "minecraft:tool": {
                "rules": [
                    {
                        "blocks": "#mineable/pickaxe",
                        "speed": 19,
                        "correct_for_drops": true
                    }
                ],
                "default_mining_speed": 1,
                "damage_per_block": 1
            },
            "max_damage": 6448,
            "damage": 0,
            "max_stack_size": 1,
            "enchantable": {
                "value": 16
            },
            "custom_data": {
                "autosmelt": true
            }
        },
        "count": 1
    }
}