{
    "type": "minecraft:crafting_shaped",
    "category": "redstone",
    "pattern": [
        "525",
        "343",
        "515"
    ],
    "key": {
        "1": "minecraft:chest",
        "2": "minecraft:white_dye",
        "3": "minecraft:repeater",
        "4": "minecraft:dispenser",
        "5": "minecraft:iron_block"
    },
    "result": {
        "id": "minecraft:panda_spawn_egg",
        "components": {
            "minecraft:item_name": "\"Турель (Стрелы) (Белый список имён)\"",
            "minecraft:lore": [
                "{\"text\":\"Стреляет стрелами, пока они не кончатся!\",\"italic\":false,\"color\":\"#9effe7\"}",
                "{\"text\":\"Стреляет только по тем мобам, чьи имена есть\",\"italic\":false,\"color\":\"#9effe7\"}",
                "{\"text\":\"в названиях предметов в сундуке турели\",\"italic\":false,\"color\":\"#9effe7\"}",
                "{\"text\":\"Назовите предмет \\\"_\\\" чтобы включить всех безымянных мобов\",\"italic\":false,\"color\":\"#9effe7\"}"
            ],
            "minecraft:item_model": "minecraft:dispenser",
            "minecraft:enchantment_glint_override": true,
            "entity_data": {
                "id": "marker",
                "Tags": [
                    "5_tick_raycast",
                    "tick_raycast",
                    "turret",
                    "turret_arrow_whitelistednames"
                ]
            }
        },
        "count": 1
    }
}