{
    "type": "minecraft:crafting_shaped",
    "category": "redstone",
    "pattern": [
        "525",
        "343",
        "515"
    ],
    "key": {
        "1": "minecraft:barrel",
        "2": "minecraft:white_dye",
        "3": "minecraft:repeater",
        "4": "minecraft:beacon",
        "5": "minecraft:iron_block"
    },
    "result": {
        "id": "minecraft:panda_spawn_egg",
        "components": {
            "minecraft:item_name": "\"Турель (Мегаплавильня) (Белый список имён)\"",
            "minecraft:lore": [
                "{\"text\":\"Стреляет только по тем мобам, чьи имена есть\",\"italic\":false,\"color\":\"#9effe7\"}",
                "{\"text\":\"в названиях предметов в сундуке турели\",\"italic\":false,\"color\":\"#9effe7\"}",
                "{\"text\":\"Назовите предмет \\\"_\\\" чтобы включить всех безымянных мобов\",\"italic\":false,\"color\":\"#9effe7\"}"
            ],
            "minecraft:item_model": "turret/item/railgun_name_whitelist",
            "minecraft:enchantment_glint_override": true,
            "entity_data": {
                "id": "item_display",
                "Rotation":[0.0,0.0],
                "brightness":{"sky":15,"block":15},
                "item":{
                    "id":"diamond_block",
                    "count":1,
                    "components": {
                        "item_model": "turret/case/name_whitelist"
                    }
                },
                "Tags": [
                    "1_sec_raycast",
                    "tick_raycast",
                    "turret",
                    "turret_railgun_whitelistednames",
                    "turret_railgun"
                ]
            }
        },
        "count": 1
    }
}