{
    "type": "minecraft:crafting_shaped",
    "category": "redstone",
    "pattern": [
        "525",
        "343",
        "515"
    ],
    "key": {
        "1": "minecraft:barrel",
        "2": "minecraft:leather",
        "3": "minecraft:redstone",
        "4": "minecraft:sea_lantern",
        "5": "minecraft:iron_block"
    },
    "result": {
        "id": "minecraft:panda_spawn_egg",
        "components": {
            "minecraft:item_name": "\"Турель (Магия) (Не игроки)\"",
            "minecraft:lore": [
                "{\"text\":\"Стреляет по всем кроме игроков\",\"italic\":false,\"color\":\"#9effe7\"}"
            ],
            "minecraft:item_model": "turret/item/magic_not_players",
            "minecraft:enchantment_glint_override": true,
            "entity_data": {
                "id": "item_display",
                "Rotation":[0.0,0.0],
                "brightness":{"sky":15,"block":15},
                "item":{
                    "id":"diamond_block",
                    "count":1,
                    "components": {
                        "item_model": "turret/case/not_players"
                    }
                },
                "Tags": [
                    "3_sec_raycast",
                    "tick_raycast",
                    "turret",
                    "turret_magic_non_player",
                    "turret_magic"
                ]
            }
        },
        "count": 1
    }
}