{
    "type": "minecraft:crafting_shaped",
    "category": "misc",
    "pattern": [
        "323",
        "313",
        "333"
    ],
    "key": {
        "1": "minecraft:ghast_tear",
        "2": "minecraft:ender_eye",
        "3": "minecraft:obsidian"
    },
    "result": {
        "id": "minecraft:ghast_tear",
        "components": {
            "minecraft:custom_data": {
                "ughst_tear": true,
                "item_count":0,
                "items":[],
                "throwed_item":true
            },
            "minecraft:item_name": "\"Слеза Угхста\"",
            "minecraft:item_model":"minecraft:ughst_tear",
            "consumable": {"consume_seconds": 100000000000000},
            "minecraft:lore": [
              "{\"text\":\"На земле: сосёт предметы\",\"italic\":false,\"color\":\"#9effe7\"}",
              "{\"text\":\"При использовании: ломается, бросая всё накопленное\",\"italic\":false,\"color\":\"#9effe7\"}"
            ],
            "damage_resistant": {
                "types": "#is_explosion"
            },"max_stack_size": 1
        },
        "count": 1
    }
}