{
    "type": "minecraft:crafting_shaped",
    "category": "equipment",
    "pattern": [
        "524",
        "313",
        "524"
    ],
    "key": {
        "1": "minecraft:bow",
        "2": "minecraft:ender_eye",
        "3": "minecraft:ender_pearl",
        "4": "minecraft:end_rod",
        "5": "purpur_block"
    },
    "result": {
        "id": "minecraft:bow",
        "components": {
            "minecraft:item_name": "\"Варп-лук\"",
            "minecraft:lore": [
                "[{\"text\":\"Стрела через секунду перемещает игрока к себе\",\"italic\":false,\"color\":\"#9effe7\"}]",
                "[{\"text\":\"Стрелы летят быстро и без гравитации\",\"italic\":false,\"color\":\"#9effe7\"}]"
            ],
            "minecraft:item_model":"minecraft:warp_bow",
            "custom_data": {
                "warp_bow": true
            }
        },
        "count": 1
    }
}