{
    "type": "minecraft:crafting_shaped",
    "category": "equipment",
    "pattern": [
        " 31",
        " 23",
        "2  "
    ],
    "key": {
        "1": "minecraft:wind_charge",
        "2": "minecraft:breeze_rod",
        "3": "minecraft:phantom_membrane"
    },
    "result": {
        "id": "minecraft:repeating_command_block",
        "components": {
            "minecraft:attribute_modifiers": {
                "modifiers": [
                    {
                        "type": "minecraft:attack_damage",
                        "id": "minecraft:base_attack_damage",
                        "amount": 2,
                        "operation": "add_value",
                        "slot": "mainhand"
                    },
                    {
                        "type": "minecraft:attack_speed",
                        "id": "minecraft:base_attack_speed",
                        "amount": -2,
                        "operation": "add_value",
                        "slot": "mainhand"
                    }
                ],
                "show_in_tooltip": true
            },
            "minecraft:custom_data": {
                "wind_staff": true
            },
            "minecraft:item_name": "\"Воздушный жезл\"",
            "use_cooldown": {
                "seconds": 3
            },
            "consumable": {
                "consume_seconds": 100000000000,
                "animation": "none",
                "has_consume_particles": false
            },
            "minecraft:lore": [
                "{\"text\":\"ПКМ: Выстреливает СИЛЬНЫМ воздушным снарядом\",\"italic\":false,\"color\":\"#9effe7\"}"
            ],
            "item_model": "breeze_wand",
            "max_damage": 64,
            "damage": 0,
            "max_stack_size": 1
        },
        "count": 1
    }
}