{
    "type": "minecraft:crafting_shaped",
    "category": "equipment",
    "pattern": [
        "515",
        "121",
        " 34"
    ],
    "key": {
        "1": "bedrock",
        "2": "lodestone",
        "3": "gold_ingot",
        "4": "stone_button",
        "5": "barrier"
    },
    "result": {
        "id": "minecraft:netherite_hoe",
        "components": {
            "minecraft:attribute_modifiers": {
                "modifiers": [
                    {
                        "type": "minecraft:attack_damage",
                        "id": "minecraft:base_attack_damage",
                        "amount": 6,
                        "operation": "add_value",
                        "slot": "mainhand"
                    },
                    {
                        "type": "minecraft:attack_speed",
                        "id": "minecraft:base_attack_speed",
                        "amount": -3.0,
                        "operation": "add_value",
                        "slot": "mainhand"
                    }
                ],
                "show_in_tooltip": true
            },
            "minecraft:item_name": "\"Коренной бур\"",
            "minecraft:lore": [
                "{\"text\":\"Быстро бурит блок на расстоянии до 14\",\"italic\":false,\"color\":\"#9effe7\"}",
                "{\"text\":\"Расходует по 1 редстоуну при удачной раскопке\",\"italic\":false,\"color\":\"#9effe7\"}",
                "{\"text\":\"Может сам разбирать редстоуновые блоки~!\",\"italic\":false,\"color\":\"#9effe7\"}",
                "{\"text\":\"Встроена неразрушимость\",\"italic\":false,\"color\":\"#9effe7\"}",
                "{\"text\":\"При достаточном усилии может добывать неразрушимые блоки\",\"italic\":false,\"color\":\"#9effe7\"}"
            ],
            "minecraft:tool": {
                "rules": [
                    {
                        "blocks": "#bamboo",
                        "speed": 148852,
                        "correct_for_drops": true
                    },
                    {
                        "blocks": "#minecraft:sword_efficient",
                        "speed": 8,
                        "correct_for_drops": true
                    },
                    {
                        "blocks": "#mineable/pickaxe",
                        "speed": 8,
                        "correct_for_drops": true
                    },
                    {
                        "blocks": "#mineable/shovel",
                        "speed": 8,
                        "correct_for_drops": true
                    },
                    {
                        "blocks": "#mineable/hoe",
                        "speed": 8,
                        "correct_for_drops": true
                    },
                    {
                        "blocks": "#mineable/axe",
                        "speed": 8,
                        "correct_for_drops": true
                    }
                ],
                "default_mining_speed": 8,
                "damage_per_block": 1
            },
            "max_stack_size": 1,
            "enchantable": {
                "value": 1
            },
            "item_model": "minecraft:bedrock_drill",
            "custom_data": {
                "bedrock_drill": true
            },
            "consumable": {"consume_seconds": 100000000000000},
            "!max_damage": {},
            "!damage": {}
        },
        "count": 1
    }
}