{
    "type": "minecraft:crafting_shaped",
    "category": "equipment",
    "pattern": [
        "1",
        "1",
        "2"
    ],
    "key": {
        "1": "minecraft:echo_shard",
        "2": "minecraft:stick"
    },
    "result": {
        "id": "minecraft:netherite_sword",
        "components": {
            "minecraft:attribute_modifiers": {
                "modifiers": [
                    {
                        "type": "minecraft:attack_damage",
                        "id": "minecraft:base_attack_damage",
                        "amount": 8,
                        "operation": "add_value",
                        "slot": "mainhand"
                    },
                    {
                        "type": "minecraft:attack_speed",
                        "id": "minecraft:base_attack_speed",
                        "amount": -2,
                        "operation": "add_value",
                        "slot": "mainhand"
                    }
                ],
                "show_in_tooltip": true
            },
            "minecraft:item_name": "\"Меч эха\"",
            "minecraft:item_model":"echo_sword",
            "minecraft:lore": [
                "{\"text\":\"Убийство игроков мечом выбивает их инвентарь\",\"italic\":false,\"color\":\"#9effe7\"}"
            ],
            "minecraft:tool": {
                "rules": [
                    {
                        "blocks": "#sword_efficient",
                        "speed": 19000,
                        "correct_for_drops": true
                    }
                ],
                "default_mining_speed": 1,
                "damage_per_block": 1
            },
            "max_damage": 1488,
            "damage": 0,
            "max_stack_size": 1,
            "enchantable": {
                "value": 100
            },
            "custom_data": {
                "echo_sword": true
            }
        },
        "count": 1
    }
}