{
    "type": "minecraft:crafting_shaped",
    "category": "equipment",
    "pattern": [
        "11",
        "12",
        " 2"
    ],
    "key": {
        "1": "#minecraft:glass",
        "2": "minecraft:stick"
    },
    "result": {
        "id": "minecraft:wooden_axe",
        "components": {
            "minecraft:attribute_modifiers": {
                "modifiers": [
                    {
                        "type": "minecraft:attack_damage",
                        "id": "minecraft:base_attack_damage",
                        "amount": 25,
                        "operation": "add_value",
                        "slot": "mainhand"
                    },
                    {
                        "type": "minecraft:attack_speed",
                        "id": "minecraft:base_attack_speed",
                        "amount": -2.5,
                        "operation": "add_value",
                        "slot": "mainhand"
                    }
                ],
                "show_in_tooltip": true
            },
            "minecraft:item_name": "\"Стеклянный топор\"",
            "minecraft:lore": [
                "{\"text\":\"Эффективности не занимать, к тому же очень лёгкий!\",\"italic\":false,\"color\":\"#9effe7\"}",
                "{\"text\":\"Вовсе не годится для пользования из-за свой хрупкости.\",\"italic\":false,\"color\":\"#9effe7\"}",
                "{\"text\":\"Совершенно бесполезно зачаровывать...\",\"italic\":false,\"color\":\"#9effe7\"}"
            ],
            "minecraft:item_model":"minecraft:glass_axe",
            "minecraft:tool": {
                "rules": [
                    {
                        "blocks": "#mineable/axe",
                        "speed": 100,
                        "correct_for_drops": true
                    }
                ],
                "default_mining_speed": 1,
                "damage_per_block": 1
            },
            "max_damage": 1,
            "damage": 0,
            "max_stack_size": 1,
            "!enchantable": {}
        },
        "count": 1
    }
}