{
    "type": "minecraft:crafting_shaped",
    "category": "equipment",
    "pattern": [
        "121",
        "111",
        "111"
    ],
    "key": {
        "1": "minecraft:netherite_ingot",
        "2": "minecraft:elytra"
    },
    "result": {
        "id": "minecraft:netherite_chestplate",
        "components": {
            "minecraft:item_name": "\"Адский нагрудник\"",
            "minecraft:lore": [
                "[{\"text\":\"Лётная погода.\",\"italic\":false,\"color\":\"#9effe7\"}]",
                "[{\"text\":\"(Встроенные элитры)\",\"italic\":false,\"color\":\"#9effe7\"}]"
            ],
            "minecraft:enchantment_glint_override": true,
            "minecraft:attribute_modifiers": {
                "modifiers": [
                    {
                        "type": "minecraft:armor",
                        "id": "gdghkjkhjk9ijgd9jg9djg9",
                        "amount": 10,
                        "operation": "add_value",
                        "slot": "chest"
                    },
                    {
                        "type": "minecraft:armor_toughness",
                        "id": "gsdfhhfhgkgjhgdftg",
                        "amount": 6,
                        "operation": "add_value",
                        "slot": "chest"
                    },
                    {
                        "type": "minecraft:burning_time",
                        "id": "gdhtgdtjnrtjthhkhjkhjjy",
                        "amount": -0.25,
                        "operation": "add_multiplied_base",
                        "slot": "chest"
                    },
                    {
                        "type": "minecraft:knockback_resistance",
                        "id": "j5t6j65rhtgerghkjhjkgtr",
                        "amount": 0.25,
                        "operation": "add_value",
                        "slot": "chest"
                    }
                ],
                "show_in_tooltip": true
            },
            "minecraft:glider": {},
            "minecraft:max_damage": 1337,
            "minecraft:trim": {
                "material": "minecraft:gold",
                "pattern": "minecraft:sentry",
                "show_in_tooltip": false
            },
            "custom_data": {
                "hell_chestplate": true
            }
        },
        "count": 1
    }
}