{
    "type": "minecraft:crafting_shaped",
    "category": "redstone",
    "group": "hopper_enhancer",
    "pattern": [
        "232",
        "313",
        "232"
    ],
    "key": {
        "1": "minecraft:hopper",
        "2": "minecraft:gold_ingot",
        "3": "minecraft:redstone_block"
    },
    "result": {
        "id": "minecraft:panda_spawn_egg",
        "count": 1,
        "components": {
            "minecraft:item_name": "\"Ускоритель воронки\"",
            "minecraft:lore": [
                "{\"text\":\"Разместите на воронку, чтобы та работала мгновенно.\",\"italic\":false,\"color\":\"#9effe7\"}"
            ],
            "minecraft:item_model": "minecraft:hopper_enhancer_item",
            "entity_data": {
                "id": "marker",
                "Tags": [
                    "5_tick_raycast",
                    "hopper_enhancer"
                ]
            }
        }
    }
}