{
    "type": "minecraft:crafting_shaped",
    "category": "equipment",
    "pattern": [
        " 31",
        " 23",
        "4  "
    ],
    "key": {
        "1": "minecraft:prismarine_crystals",
        "2": "minecraft:breeze_rod",
        "3": "minecraft:copper_ingot",
        "4": "iron_nugget"
    },
    "result": {
        "id": "minecraft:repeating_command_block",
        "components": {
            "minecraft:attribute_modifiers": {
                "modifiers": [
                    {
                        "type": "minecraft:attack_damage",
                        "id": "minecraft:base_attack_damage",
                        "amount": 2,
                        "operation": "add_value",
                        "slot": "mainhand"
                    },
                    {
                        "type": "minecraft:attack_speed",
                        "id": "minecraft:base_attack_speed",
                        "amount": -2,
                        "operation": "add_value",
                        "slot": "mainhand"
                    }
                ],
                "show_in_tooltip": true
            },
            "minecraft:custom_data": {
                "shock_wand": true
            },
            "minecraft:item_name": "\"Жезл электричества\"",
            "use_cooldown": {
                "seconds": 3
            },
            "consumable": {
                "consume_seconds": 100000000000,
                "animation": "none",
                "has_consume_particles": false
            },
            "minecraft:lore": [
                "{\"text\":\"ПКМ: Быстро стреляет электрическими снарядами\",\"italic\":false,\"color\":\"#9effe7\"}",
                "{\"text\":\"Снаряд наносит 5 урона электричеством, может активировать громоотводы\",\"italic\":false,\"color\":\"#9effe7\"}",
                "{\"text\":\"Полный набор металлической брони у цели снижает урон до 1\",\"italic\":false,\"color\":\"#9effe7\"}"
            ],
            "item_model": "shock_wand",
            "max_damage": 1000,
            "damage": 0,
            "max_stack_size": 1
        },
        "count": 1
    }
}