{
    "type": "minecraft:crafting_shaped",
    "category": "equipment",
    "pattern": [
        "1",
        "2",
        "2"
    ],
    "key": {
        "1": "#spawn_egg",
        "2": "minecraft:stick"
    },
    "result": {
        
        "id": "minecraft:repeating_command_block",
        "components": {
            "minecraft:custom_data": {
                "spawner_upgrader": true,
                "mode": 0
            },
            "minecraft:item_name": "\"Инструмент улучшения спаунера\"",
            "minecraft:item_model":"spawner_upgrade_tool",
            "consumable": {"consume_seconds": 100000000000000},
            "rarity":"rare",
            "minecraft:lore": [
              "{\"text\":\"ПКМ по спавнеру улучшает его, расходуя ресурсы\",\"italic\":false,\"color\":\"#9effe7\"}",
              "{\"text\":\"Shift + ПКМ переключает расходуемый ресурс\",\"italic\":false,\"color\":\"#9effe7\"}",
              "{\"text\":\"Предмет: Не выбрано\",\"italic\":false,\"color\":\"#9effe7\"}",
              "{\"text\":\"Улучшение: Не выбрано\",\"italic\":false,\"color\":\"#9effe7\"}",
              "{\"text\":\"Меняет только самодельные спаунеры.\",\"italic\":false,\"color\":\"#9effe7\"}"
            ]
        },
        "count": 1
    }
}