{
    "type": "minecraft:crafting_shaped",
    "category": "equipment",
    "pattern": [
        "111",
        "1 1"
    ],
    "key": {
        "1": "minecraft:resin_brick"
    },
    "result": {
        "id": "minecraft:leather_helmet",
        "components": {
            "minecraft:item_name": "\"Резиновый шлем\"",
            "minecraft:lore": [
                "[{\"text\":\"В нём жарко.\",\"italic\":false,\"color\":\"#9effe7\"}]",
                "[{\"text\":\"Позволяет отражать откидывание ударами головой\",\"italic\":false,\"color\":\"#9effe7\"}]"
            ],
            "minecraft:attribute_modifiers": {
                "modifiers": [
                    {
                        "type": "minecraft:armor",
                        "id": "gdghkjkhjk9rtyjtjyrtijgd9jg9djg9",
                        "amount": 2,
                        "operation": "add_value",
                        "slot": "head"
                    },
                    {
                        "type": "minecraft:burning_time",
                        "id": "gdhtgdtjnrtjthhkhjkhjtyhjjjy",
                        "amount": 0.5,
                        "operation": "add_multiplied_base",
                        "slot": "head"
                    },
                    {
                        "type": "minecraft:knockback_resistance",
                        "id": "j5t6j65rhtgerghkjhjryjjtkgtr",
                        "amount": 2,
                        "operation": "add_value",
                        "slot": "head"
                    }
                ],
                "show_in_tooltip": true
            },
            "minecraft:max_damage": 312,
            "minecraft:equippable": {
                "slot": "head",
                "asset_id": "minecraft:resin_armor"
            },
            "custom_data": {
                "resin_helmet": true
            }
        },
        "count": 1
    }
}