{
    "type": "minecraft:crafting_shaped",
    "category": "equipment",
    "pattern": [
        "1 1",
        "1 1"
    ],
    "key": {
        "1": "minecraft:resin_brick"
    },
    "result": {
        "id": "minecraft:leather_boots",
        "components": {
            "minecraft:item_name": "\"Резиновые ботинки\"",
            "minecraft:lore": [
                "[{\"text\":\"В них жарко.\",\"italic\":false,\"color\":\"#9effe7\"}]",
                "[{\"text\":\"Убирают урон от падения\",\"italic\":false,\"color\":\"#9effe7\"}]"
            ],
            "minecraft:attribute_modifiers": {
                "modifiers": [
                    {
                        "type": "minecraft:armor",
                        "id": "gdghkjhjkjkkhjk9ijghjhd9jg9djg9",
                        "amount": 2,
                        "operation": "add_value",
                        "slot": "feet"
                    },
                    {
                        "type": "minecraft:burning_time",
                        "id": "gdjhkjkhtgdtjnrtjthhkjkhjkhjkhjjy",
                        "amount": 0.5,
                        "operation": "add_multiplied_base",
                        "slot": "feet"
                    },
                    {
                        "type": "minecraft:fall_damage_multiplier",
                        "id": "j5t6j65jkhjrhtgerghkjhjkghjkhjtr",
                        "amount": -1,
                        "operation": "add_multiplied_base",
                        "slot": "feet"
                    }
                ],
                "show_in_tooltip": true
            },
            "minecraft:max_damage": 312,
            "minecraft:equippable": {
                "slot": "feet",
                "asset_id": "minecraft:resin_armor"
            },
            "custom_data": {
                "resin_boots": true
            }
        },
        "count": 1
    }
}