{
  "criteria": {
    "uslovie": {
      "trigger": "minecraft:inventory_changed",
      "conditions": {
        "items": [
          {
            "items": [
              "glass",
              "amethyst_block",
              "amethyst_shard",
              "tinted_glass"
            ]
          }
        ]
      }
    }
  },
  "requirements": [
    [
      "uslovie"
    ]
  ],
  "rewards": {
    "recipes": [
      "lbc:glass_sword",
      "lbc:tinted_glass_sword"
    ],
    "experience": 5
  }
}