{
    "criteria": {
        "requirement": {
            "trigger": "minecraft:tick",
            "conditions": {
                "player": [
                    {
                        "condition": "minecraft:any_of",
                        "terms": [
                            {
                                "condition": "minecraft:all_of",
                                "terms": [
                                    {
                                        "condition": "minecraft:time_check",
                                        "value": {
                                            "min": 13000,
                                            "max": 23000
                                        },
                                        "period": 24000
                                    },
                                    {
                                        "condition": "minecraft:location_check",
                                        "predicate": {
                                            "light": {
                                                "light": {
                                                    "max": 4
                                                }
                                            },
                                            "can_see_sky": true
                                        }
                                    },
                                    {
                                        "condition": "minecraft:entity_properties",
                                        "entity": "this",
                                        "predicate": {
                                            "equipment": {
                                                "feet": {
                                                    "predicates": {
                                                        "minecraft:custom_data": {
                                                            "glowstone_boots": true
                                                        }
                                                    }
                                                }
                                            }
                                        }
                                    }
                                ]
                            },
                            {
                                "condition": "minecraft:entity_properties",
                                "entity": "this",
                                "predicate": {
                                    "location": {
                                        "light": {
                                            "light": {
                                                "max": 3
                                            }
                                        }
                                    },
                                    "equipment": {
                                        "feet": {
                                            "predicates": {
                                                "minecraft:custom_data": {
                                                    "glowstone_boots": true
                                                }
                                            }
                                        }
                                    }
                                }
                            }
                        ]
                    }
                ]
            }
        }
    },
    "requirements": [
        [
            "requirement"
        ]
    ],
    "rewards": {
        "function": "lbc:items/glowstone_boots/tick"
    }
}