{
    "criteria": {
        "uslovie": {
            "trigger": "minecraft:inventory_changed",
            "conditions": {
                "items": [
                    {
                        "items": "netherite_ingot"
                    }
                ]
            }
        }
    },
    "requirements": [
        [
            "uslovie"
        ]
    ],
    "rewards": {
        "recipes": [
            "lbc:hell_leggings"
        ],
        "experience": 5
    }
}