{
    "criteria": {
        "requirement": {
            "trigger": "minecraft:tick",
            "conditions": {
                "player": [
                    {
                        "condition": "minecraft:entity_properties",
                        "entity": "this",
                        "predicate": {
                            "flags": {
                                "is_sneaking": true
                            },
                            "equipment": {
                                "feet": {
                                    "predicates": {
                                        "minecraft:custom_data": {
                                            "hell_boots": true
                                        }
                                    }
                                }
                            }
                        }
                    }
                ]
            }
        }
    },
    "requirements": [
        [
            "requirement"
        ]
    ],
    "rewards": {
        "function": "lbc:items/hell_boots/run"
    }
}