{
    "criteria": {
        "uslovie": {
            "trigger": "minecraft:tick",
            "conditions": {
                "player": {
                    "slots": {
                        "weapon.*": {
                            "predicates": {
                                "minecraft:custom_data": {
                                    "mother_spider_eye": true
                                }
                            }
                        }
                    }
                }
            }
        }
    },
    "requirements": [
        [
            "uslovie"
        ]
    ],
    "rewards": {
        "function": "lbc:items/mother_spider_eye/tick"
    }
}