{
  "criteria": {
    "uslovie": {
      "trigger": "minecraft:using_item",
      "conditions": {
        "player": {
          "equipment": {
            "offhand": {
              "predicates": {
                "minecraft:custom_data": {
                  "wind_staff": true
                }
              }
            }
          }
        }
      }
    }
  },
  "requirements": [
    [
      "uslovie"
    ]
  ],
  "rewards": {
    "function": "lbc:items/wind_staff/use_left"
  }
}