{
    "pools": [
        {
            "rolls": 40,
            "entries": [
                {
                    "type": "minecraft:item",
                    "name": "minecraft:barrier",
                    "weight": 1
                },
                {
                    "type": "minecraft:item",
                    "name": "minecraft:bedrock",
                    "weight": 5
                },
                {
                    "type": "minecraft:item",
                    "name": "minecraft:structure_void",
                    "weight": 35
                }
            ]
        }
    ]
}