{
    "pools": [
        {
            "rolls": 1,
            "entries": [
                {
                    "type": "minecraft:item",
                    "name": "minecraft:panda_spawn_egg",
                    "functions": [
                        {
                            "function": "minecraft:set_components",
                            "components": {
                                "minecraft:item_name": "\"Ускоритель воронки\"",
                                "minecraft:lore": [
                                    "{\"text\":\"Разместите на воронку, чтобы та работала мгновенно.\",\"italic\":false,\"color\":\"#9effe7\"}"
                                ],
                                "minecraft:item_model": "minecraft:hopper_enhancer_item",
                                "entity_data": {
                                    "id": "marker",
                                    "Tags": [
                                        "5_tick_raycast",
                                        "hopper_enhancer"
                                    ]
                                }
                            }
                        }
                    ]
                }
            ]
        }
    ]
}