{
    "pools": [
        {
            "rolls": 1,
            "entries": [
                {
                    "type": "minecraft:item",
                    "name": "minecraft:repeating_command_block",
                    "functions": [
                        {
                            "function": "minecraft:set_components",
                            "components": {
                                "minecraft:item_name": "\"Паучий шёлк\"",
                                "minecraft:lore": [
                                    "[{\"text\":\"Кидайтесь паутиной из рук\",\"italic\":false,\"color\":\"#9effe7\"}]"
                                ],
                                
                                "custom_data": {
                                    "grapping_hook": true
                                },
                                "consumable": {
                                    "consume_seconds": 100000000000000
                                },
                                "item_model": "grappling_hook"
                            }
                        }
                    ],
                    "conditions": [
                        {
                            "condition": "random_chance",
                            "chance": 0.1
                        }
                    ]
                }
            ]
        },
        {
            "rolls": 64,
            "entries": [
                {
                    "type": "item",
                    "name": "cobweb",
                    "functions": [
                        {
                            "function": "set_count",
                            "count": {
                                "min": 1,
                                "max": 4
                            }
                        }
                    ]
                },
                {
                    "type": "item",
                    "name": "string",
                    "functions": [
                        {
                            "function": "set_count",
                            "count": {
                                "min": 1,
                                "max": 8
                            }
                        }
                    ]
                },
                {
                    "type": "item",
                    "name": "spider_eye",
                    "functions": [
                        {
                            "function": "set_count",
                            "count": {
                                "min": 1,
                                "max": 4
                            }
                        }
                    ]
                },
                {
                    "type": "item",
                    "name": "charcoal",
                    "functions": [
                        {
                            "function": "set_count",
                            "count": {
                                "min": 1,
                                "max": 4
                            }
                        }
                    ]
                },
                {
                    "type": "item",
                    "name": "cave_spider_spawn_egg"
                },
                {
                    "type": "item",
                    "name": "black_dye",
                    "functions": [
                        {
                            "function": "set_count",
                            "count": {
                                "min": 1,
                                "max": 2
                            }
                        }
                    ]
                },
                {
                    "type": "item",
                    "name": "leather",
                    "functions": [
                        {
                            "function": "set_count",
                            "count": {
                                "min": 1,
                                "max": 6
                            }
                        }
                    ]
                },
                {
                    "type": "item",
                    "name": "iron_ingot",
                    "functions": [
                        {
                            "function": "set_count",
                            "count": {
                                "min": 1,
                                "max": 3
                            }
                        }
                    ]
                },
                {
                    "type": "item",
                    "name": "copper_ingot",
                    "functions": [
                        {
                            "function": "set_count",
                            "count": {
                                "min": 1,
                                "max": 3
                            }
                        }
                    ]
                },
                {
                    "type": "minecraft:item",
                    "name": "minecraft:fermented_spider_eye",
                    "functions": [
                        {
                            "function": "minecraft:set_components",
                            "components": {
                                "minecraft:item_name": "\"Глаз ткача\"",
                                "minecraft:lore": [
                                    "[{\"text\":\"Делает почти всех пауков мирными, находясь в руке\",\"italic\":false,\"color\":\"#9effe7\"}]",
                                    "[{\"text\":\"ПКМ: Подсвечивает гуманоидов и руды вокруг\",\"italic\":false,\"color\":\"#9effe7\"}]",
                                    "[{\"text\":\"Расходуется\",\"italic\":false,\"color\":\"#9effe7\"}]"
                                ],
                                "item_model":"minecraft:mother_spider_eye",
                                "custom_data": {
                                    "mother_spider_eye": true
                                },
                                "minecraft:consumable": {
                                    "consume_seconds": 1.5,
                                    "animation": "bow",
                                    "has_consume_particles": false,
                                    "on_consume_effects": [],
                                    "sound": "entity.spider.ambient"
                                },
                                "max_stack_size": 99
                            }
                        },{
                            "function": "set_count",
                            "count": {
                                "min": 1,
                                "max": 3
                            }
                        }
                    ]
                }
            ]
        }
    ]
}