{
    "anvil_cost": 8,
    "description": "Авто-Плавка",
    "effects": {
      "minecraft:tick": [
        {
          "effect": {
            "type": "minecraft:run_function",
            "function": "lbc:items/hell_pickaxe/tick"
          }
        }
      ]
    },
    "max_cost": {
      "base": 65,
      "per_level_above_first": 0
    },
    "max_level": 1,
    "min_cost": {
      "base": 15,
      "per_level_above_first": 0
    },
    "slots": [
      "mainhand"
    ],
    "supported_items": "#minecraft:enchantable/mining_loot",
    "weight": 1
  }