{
    "anvil_cost": 4,
    "description": "Вор инвентаря",
    "effects": {
      "minecraft:tick": [
        {
          "effect": {
            "type": "minecraft:run_function",
            "function": "lbc:items/echo_sword/tick"
          }
        }
      ]
    },
    "max_cost": {
      "base": 65,
      "per_level_above_first": 0
    },
    "max_level": 1,
    "min_cost": {
      "base": 20,
      "per_level_above_first": 0
    },
    "slots": [
      "mainhand"
    ],
    "supported_items": "#minecraft:enchantable/sharp_weapon",
    "weight": 1
  }