{
    "type": "minecraft:crafting_shapeless",
    "category": "equipment",
    "ingredients": [
        "golden_pickaxe",
        "golden_axe",
        "golden_hoe",
        "golden_sword",
        "golden_shovel"
    ],
    "result": {
        "id": "minecraft:golden_hoe",
        "components": {
            "minecraft:attribute_modifiers": {
                "modifiers": [
                    {
                        "type": "minecraft:attack_damage",
                        "id": "5gcdehuxrejtrfjutmni8kkkke",
                        "amount": 5,
                        "operation": "add_value",
                        "slot": "mainhand"
                    },
                    {
                        "type": "minecraft:attack_speed",
                        "id": "zsre5h6ymuyu9olui9uhlj",
                        "amount": -2.6,
                        "operation": "add_value",
                        "slot": "mainhand"
                    }
                ],
                "show_in_tooltip": true
            },
            "minecraft:item_name": "\"Золотой мульти-инструмент\"",
            "minecraft:enchantment_glint_override": true,
            "minecraft:tool": {
                "rules": [
                    {
                        "blocks": "#incorrect_for_gold_tool",
                        "speed": 12,
                        "correct_for_drops": false
                    },
                    {
                        "blocks": "#bamboo",
                        "speed": 148852,
                        "correct_for_drops": true
                    },
                    {
                        "blocks": "#minecraft:sword_efficient",
                        "speed": 12,
                        "correct_for_drops": true
                    },
                    {
                        "blocks": "#mineable/pickaxe",
                        "speed": 12,
                        "correct_for_drops": true
                    },
                    {
                        "blocks": "#mineable/shovel",
                        "speed": 12,
                        "correct_for_drops": true
                    },
                    {
                        "blocks": "#mineable/hoe",
                        "speed": 12,
                        "correct_for_drops": true
                    },
                    {
                        "blocks": "#mineable/axe",
                        "speed": 12,
                        "correct_for_drops": true
                    }
                ],
                "default_mining_speed": 12,
                "damage_per_block": 1
            },
            "max_damage": 160,
            "damage": 0,
            "max_stack_size": 1,
            "enchantable": {
                "value": 22
            },
            "item_model": "minecraft:golden_pickaxe"
        },
        "count": 1
    }
}