{
    "type": "minecraft:crafting_shapeless",
    "category": "equipment",
    "ingredients": [
        "iron_pickaxe",
        "iron_axe",
        "iron_hoe",
        "iron_sword",
        "iron_shovel"
    ],
    "result": {
        "id": "minecraft:iron_hoe",
        "components": {
            "minecraft:attribute_modifiers": {
                "modifiers": [
                    {
                        "type": "minecraft:attack_damage",
                        "id": "minecraft:base_attack_damage",
                        "amount": 7,
                        "operation": "add_value",
                        "slot": "mainhand"
                    },
                    {
                        "type": "minecraft:attack_speed",
                        "id": "minecraft:base_attack_speed",
                        "amount": -2.5,
                        "operation": "add_value",
                        "slot": "mainhand"
                    }
                ],
                "show_in_tooltip": true
            },
            "minecraft:item_name": "\"Железный мульти-инструмент\"",
            "minecraft:tool": {
                "rules": [
                    {
                        "blocks": "#incorrect_for_iron_tool",
                        "speed": 6,
                        "correct_for_drops": false
                    },
                    {
                        "blocks": "#bamboo",
                        "speed": 148852,
                        "correct_for_drops": true
                    },
                    {
                        "blocks": "#minecraft:sword_efficient",
                        "speed": 6,
                        "correct_for_drops": true
                    },
                    {
                        "blocks": "#mineable/pickaxe",
                        "speed": 6,
                        "correct_for_drops": true
                    },
                    {
                        "blocks": "#mineable/shovel",
                        "speed": 6,
                        "correct_for_drops": true
                    },
                    {
                        "blocks": "#mineable/hoe",
                        "speed": 6,
                        "correct_for_drops": true
                    },
                    {
                        "blocks": "#mineable/axe",
                        "speed": 6,
                        "correct_for_drops": true
                    }
                ],
                "default_mining_speed": 6,
                "damage_per_block": 1
            },
            "max_damage": 1250,
            "damage": 0,
            "max_stack_size": 1,
            "enchantable": {
                "value": 14
            },
            "item_model": "minecraft:iron_multitool"
        },
        "count": 1
    }
}