{
    "type": "minecraft:crafting_shapeless",
    "category": "equipment",
    "ingredients": [
        "netherite_pickaxe",
        "netherite_axe",
        "netherite_hoe",
        "netherite_sword",
        "netherite_shovel"
    ],
    "result": {
        "id": "minecraft:netherite_hoe",
        "components": {
            "minecraft:attribute_modifiers": {
                "modifiers": [
                    {
                        "type": "minecraft:attack_damage",
                        "id": "9vumjobhbjkfjyni8kkkke",
                        "amount": 9,
                        "operation": "add_value",
                        "slot": "mainhand"
                    },
                    {
                        "type": "minecraft:attack_speed",
                        "id": "zsre5h9vutfvgj7kcdtyhjxd9jt",
                        "amount": -2.5,
                        "operation": "add_value",
                        "slot": "mainhand"
                    }
                ],
                "show_in_tooltip": true
            },
            "minecraft:item_name": "\"Незеритовый мульти-инструмент\"",
            "minecraft:enchantment_glint_override": true,
            "minecraft:tool": {
                "rules": [
                    {
                        "blocks": "#incorrect_for_netherite_tool",
                        "speed": 9,
                        "correct_for_drops": false
                    },
                    {
                        "blocks": "#bamboo",
                        "speed": 148852,
                        "correct_for_drops": true
                    },
                    {
                        "blocks": "#minecraft:sword_efficient",
                        "speed": 9,
                        "correct_for_drops": true
                    },
                    {
                        "blocks": "#mineable/pickaxe",
                        "speed": 9,
                        "correct_for_drops": true
                    },
                    {
                        "blocks": "#mineable/shovel",
                        "speed": 9,
                        "correct_for_drops": true
                    },
                    {
                        "blocks": "#mineable/hoe",
                        "speed": 9,
                        "correct_for_drops": true
                    },
                    {
                        "blocks": "#mineable/axe",
                        "speed": 9,
                        "correct_for_drops": true
                    }
                ],
                "default_mining_speed": 9,
                "damage_per_block": 1
            },
            "max_damage": 10000,
            "damage": 0,
            "max_stack_size": 1,
            "enchantable": {
                "value": 15
                
            },
            "item_model": "minecraft:netherite_pickaxe"
        },
        "count": 1
    }
}