{
    "pools": [
        {
            "rolls": 1,
            "entries": [
                {
                    "type": "minecraft:item",
                    "name": "minecraft:panda_spawn_egg",
                    "functions": [
                        {
                            "function": "minecraft:set_components",
                            "components": {
                                "minecraft:item_name": "\"Турель (Стрелы) (Монстры)\"",
                                "minecraft:lore": [
                                    "{\"text\":\"Стреляет стрелами, пока они не кончатся!\",\"italic\":false,\"color\":\"#9effe7\"}",
                                    "{\"text\":\"Стреляет только по монстрам\",\"italic\":false,\"color\":\"#9effe7\"}"
                                ],
                                "minecraft:item_model": "turret/item/arrow_monsters",
                                "minecraft:enchantment_glint_override": true,
                                "entity_data": {
                                    "id": "item_display",
                                    "Rotation":[0.0,0.0],
                                    "brightness":{"sky":15,"block":15},
                                    "item":{
                                        "id":"diamond_block",
                                        "count":1,
                                        "components": {
                                            "item_model": "turret/case/monsters"
                                        }
                                    },
                                    "Tags": [
                                        "5_tick_raycast",
                                        "tick_raycast",
                                        "turret",
                                        "turret_arrow_hostile",
                                        "turret_arrow"
                                    ]
                                }
                            }
                        }
                    ]
                }
            ]
        }
    ]
}