{
  "type": "minecraft:entity",
  "random_sequence": "minecraft:entities/illusioner",
  "pools": [
    {
      "entries": [
        {
          "type": "minecraft:item",
          "name": "minecraft:evoker_spawn_egg",
          "functions": [
            {
              "function": "set_components",
              "components": {
                "entity_data": {
                  "id": "minecraft:illusioner"
                },
                "item_name": "{\"text\":\"Яйцо призыва Иллюзора\"}"
              }
            }
          ],
          "conditions": [
            {
              "condition": "minecraft:random_chance_with_enchanted_bonus",
              "enchanted_chance": {
                "type": "linear",
                "base": 0.005,
                "per_level_above_first": 0.005
              },
              "enchantment": "lbc:balls_grabber",
              "unenchanted_chance": 0
            }
          ]
        }
      ],
      "rolls": 1.0
    },
    {
      "entries": [
        {
          "type": "minecraft:item",
          "name": "minecraft:evoker_spawn_egg",
          "functions": [
            {
              "function": "set_components",
              "components": {
                "entity_data": {
                  "id": "minecraft:illusioner"
                },
                "item_name": "{\"text\":\"Яйцо призыва Иллюзора\"}"
              }
            }
          ],
          "conditions": [
            {
              "condition": "random_chance",
              "chance": 0.0075
            },
            {
              "condition": "minecraft:entity_properties",
              "entity": "attacker",
              "predicate": {
                "equipment": {
                  "legs": {
                    "predicates": {
                      "minecraft:custom_data": {
                        "hell_leggings": true
                      }
                    }
                  }
                }
              }
            }
          ]
        }
      ],
      "rolls": 1.0
    }
  ]
}