{
    "pools": [
        {
            "rolls": 1,
            "entries": [
                {
                    "type": "item",
                    "name": "panda_spawn_egg",
                    "functions": [
                        {
                            "function": "set_components",
                            "components": {
                                "minecraft:item_name": "\"Пустотная призма\"",
                                "minecraft:lore": [
                                    "{\"text\":\"Извлекает энергию чёрной дыры, улучшая зачарованные предметы\",\"italic\":false,\"color\":\"#9effe7\"}",
                                    "{\"text\":\"Расположите на рабочем маяке максимального\",\"italic\":false,\"color\":\"#9effe7\"}",
                                    "{\"text\":\"уровня так, чтобы луч смотрел в несколлапсированную\",\"italic\":false,\"color\":\"#9effe7\"}",
                                    "{\"text\":\"пустотную дыру сверху.\",\"italic\":false,\"color\":\"#9effe7\"}"
                                ],
                                "minecraft:item_model": "minecraft:red_stained_glass",
                                "minecraft:enchantment_glint_override": true,
                                "entity_data": {
                                    "id": "marker",
                                    "Tags": [
                                        "overchanter",
                                        "tick_raycast"
                                    ]
                                }
                            }
                        }
                    ]
                }
            ]
        }
    ]
}