{
    "pools": [
        {
            "rolls": 1,
            "entries": [
                {
                    "type": "minecraft:item",
                    "name": "minecraft:repeating_command_block",
                    "functions": [
                        {
                            "function": "minecraft:set_components",
                            "components": {
                                "minecraft:consumable": {
                                    "consume_seconds": 0.5,
                                    "animation": "bow",
                                    "has_consume_particles": false,
                                    "on_consume_effects": [],
                                    "sound": "block.cherry_leaves.step"
                                },
                                "minecraft:item_name": "\"Реактивный щищ\"",
                                "minecraft:lore": [
                                    "[{\"text\":\"ПКМ: запускает игрока вверх\",\"italic\":false,\"color\":\"#9effe7\"}]"
                                ],
                                "minecraft:item_model": "minecraft:jet_shish"
                            }
                        },
                        {
                            "function": "minecraft:set_custom_data",
                            "tag": {
                                "reactive_shish": true
                            }
                        }
                    ]
                }
            ]
        }
    ]
}