{
    "pools": [
        {
            "rolls": 1,
            "entries": [
                {
                    "type": "minecraft:item",
                    "name": "minecraft:ghast_tear",
                    "functions": [
                        {
                            "function": "minecraft:set_components",
                            "components": {
                                "minecraft:custom_data": {
                                    "ughst_tear": true,
                                    "item_count": 0,
                                    "items": [],
                                    "throwed_item": true
                                },
                                "minecraft:item_name": "\"Слеза Угхста\"",
                                "minecraft:enchantment_glint_override": true,
                                "consumable": {
                                    "consume_seconds": 100000000000000
                                },
                                "minecraft:lore": [
                                    "{\"text\":\"На земле: сосёт предметы\",\"italic\":false,\"color\":\"#9effe7\"}",
                                    "{\"text\":\"При использовании: ломается, бросая всё накопленное\",\"italic\":false,\"color\":\"#9effe7\"}"
                                ],
                                "damage_resistant": {
                                    "types": "#is_explosion"
                                },"max_stack_size": 1
                            }
                        },
                        {
                            "function": "set_count",
                            "count": {
                                "min": 1,
                                "max": 3
                            }
                        }
                    ]
                }
            ]
        },
        {
            "rolls": 8,
            "entries": [
                {
                    "type": "item",
                    "name": "fire_charge"
                },
                {
                    "type": "item",
                    "name": "gunpowder",
                    "functions": [
                        {
                            "function": "set_count",
                            "count": {
                                "min": 1,
                                "max": 16
                            }
                        }
                    ]
                },
                {
                    "type": "item",
                    "name": "tnt",
                    "functions": [
                        {
                            "function": "set_count",
                            "count": {
                                "min": 1,
                                "max": 4
                            }
                        }
                    ]
                },
                {
                    "type": "item",
                    "name": "ancient_debris",
                    "functions": [
                        {
                            "function": "set_count",
                            "count": {
                                "min": 1,
                                "max": 2
                            }
                        }
                    ]
                },
                {
                    "type": "item",
                    "name": "glowstone",
                    "functions": [
                        {
                            "function": "set_count",
                            "count": {
                                "min": 1,
                                "max": 32
                            }
                        }
                    ]
                }
            ]
        }
    ]
}