{
    "pools": [
        {
            "rolls": 1,
            "entries": [
                {
                    "type": "minecraft:item",
                    "name": "minecraft:bow",
                    "functions": [
                        {
                            "function": "minecraft:set_components",
                            "components": {
                                "minecraft:item_name": "\"Варп-лук\"",
                                "minecraft:lore": [
                                    "[{\"text\":\"Стрела через секунду перемещает игрока к себе\",\"italic\":false,\"color\":\"#9effe7\"}]",
                                    "[{\"text\":\"Стрелы летят быстро и без гравитации\",\"italic\":false,\"color\":\"#9effe7\"}]"
                                ],
                                "item_model":"minecraft:warp_bow",
                                "custom_data": {
                                    "warp_bow": true
                                }
                            }
                        }
                    ],
                    "conditions": [
                        {
                            "condition": "random_chance",
                            "chance": 0.1
                        }
                    ]
                }
            ]
        },
        {
            "rolls": 8,
            "entries": [
                {
                    "type": "loot_table",
                    "value": "minecraft:entities/enderman"
                }
            ]
        },
        {
            "rolls": 1,
            "entries": [
                {
                    "type": "item",
                    "name": "chorus_flower"
                },
                {
                    "type": "item",
                    "name": "chorus_fruit",
                    "functions": [
                        {
                            "function": "set_count",
                            "count": {
                                "min": 1,
                                "max": 16
                            }
                        }
                    ]
                },
                {
                    "type": "item",
                    "name": "popped_chorus_fruit",
                    "functions": [
                        {
                            "function": "set_count",
                            "count": {
                                "min": 16,
                                "max": 64
                            }
                        }
                    ]
                },
                {
                    "type": "item",
                    "name": "end_stone",
                    "functions": [
                        {
                            "function": "set_count",
                            "count": {
                                "min": 1,
                                "max": 8
                            }
                        }
                    ]
                },
                {
                    "type": "item",
                    "name": "obsidian",
                    "functions": [
                        {
                            "function": "set_count",
                            "count": {
                                "min": 1,
                                "max": 8
                            }
                        }
                    ]
                }
            ]
        }
    ]
}