{
    "criteria": {
      "uslovie": {
        "trigger": "minecraft:using_item",
        "conditions": {
          "player": {
            "equipment": {
              "offhand": {
                "predicates": {
                  "minecraft:custom_data": {
                    "enchanted_rod": true
                  }
                }
              }
            }
          }
        }
      }
    },
    "requirements": [
      [
        "uslovie"
      ]
    ],
    "rewards": {
      "function": "lbc:items/enchanted_rod/use"
    }
  }