{
    "criteria": {
        "requirement": {
            "trigger": "minecraft:player_hurt_entity",
            "conditions": {
                "player": {
                    "equipment": {
                        "mainhand": {
                            "predicates": {
                                "minecraft:custom_data": "{resin:true}"
                            }
                        }
                    }
                }
            }
        }
    },
    "requirements": [
        [
            "requirement"
        ]
    ],
    "rewards": {
        "function": "lbc:items/resin_items/hit"
    }
}