{
  "type": "minecraft:block",
  "pools": [
    {
      "bonus_rolls": 0.0,
      "entries": [
        {
          "type": "minecraft:alternatives",
          "children": [
            {
              "type": "minecraft:item",
              "conditions": [
                {
                  "condition": "minecraft:match_tool",
                  "predicate": {
                    "predicates": {
                      "minecraft:enchantments": [
                        {
                          "enchantments": "minecraft:silk_touch",
                          "levels": {
                            "min": 1
                          }
                        }
                      ]
                    }
                  }
                }
              ],
              "name": "minecraft:diamond_ore"
            },
            {
              "type": "minecraft:item",
              "name": "minecraft:repeating_command_block",
              "functions": [
                {
                  "function": "minecraft:set_components",
                  "components": {
                    "minecraft:tool": {
                      "rules": [
                        {
                          "blocks": "#needs_diamond_tool",
                          "speed": 40,
                          "correct_for_drops": true
                        }
                      ],
                      "default_mining_speed": 0,
                      "damage_per_block": 1
                    },
                    "enchantment_glint_override": true,
                    "minecraft:item_model": "minecraft:diamond_ore",
                    "minecraft:item_name": "\"Закоменевший Мега-Кристалл\"",
                    "minecraft:lore": [
                      "{\"text\":\"Содержит очень много ископаемого\",\"italic\":false,\"color\":\"#9effe7\"}",
                      "{\"text\":\"Ломайте этим обсидиан, чтобы разбить!\",\"italic\":false,\"color\":\"#9effe7\"}"
                    ],
                    "minecraft:max_damage": 500,
                    "minecraft:max_stack_size": 1,
                    "!unbreakable": {},
                    "damage": 0,
                    "custom_data": {
                      "dense_ore": true,
                      "ore": "diamond"
                    }
                  }
                }
              ],
              "conditions": [
                {
                  "chances": [
                    0.01,
                    0.02,
                    0.03,
                    0.04,
                    0.05,
                    0.06,
                    0.07,
                    0.08,
                    0.09,
                    0.10,
                    0.11,
                    0.12,
                    0.13,
                    0.14,
                    0.15,
                    0.16,
                    0.17,
                    0.18,
                    0.19,
                    0.20,
                    0.21,
                    0.22,
                    0.23,
                    0.24,
                    0.25,
                    0.26,
                    0.27,
                    0.28,
                    0.29,
                    0.30,
                    0.31,
                    0.32,
                    0.33,
                    0.34,
                    0.35,
                    0.36,
                    0.37,
                    0.38,
                    0.39
                  ],
                  "condition": "minecraft:table_bonus",
                  "enchantment": "minecraft:fortune"
                }
              ]
            },
            {
              "type": "minecraft:item",
              "functions": [
                {
                  "enchantment": "minecraft:fortune",
                  "formula": "minecraft:ore_drops",
                  "function": "minecraft:apply_bonus"
                },
                {
                  "function": "minecraft:explosion_decay"
                }
              ],
              "name": "minecraft:diamond"
            }
          ]
        }
      ],
      "rolls": 1.0
    }
  ],
  "random_sequence": "minecraft:blocks/diamond_ore"
}