{
    "type": "minecraft:block",
    "random_sequence": "minecraft:blocks/spawner",
    "pools": [
        {
            "rolls": 1,
            "entries": [
                {
                    "type": "item",
                    "name": "experience_bottle"
                }
            ]
        },
        {
            "rolls": 1,
            "entries": [
                {
                    "type": "item",
                    "name": "iron_bars",
                    "functions": [
                        {
                            "function": "set_count",
                            "count": {
                                "min": -4,
                                "max": 8
                            }
                        }
                    ]
                }
            ]
        },
        {
            "rolls": 1,
            "entries": [
                {
                    "type": "item",
                    "name": "egg"
                }
            ]
        }
    ]
}